Device ID,Sensor Type,Data Rate (kbps),Power Consumption (mW),Location
D001,CO2,2,5,SmartCity_Block1
D002,Soil_Moist,3,7,Farm_A
D003,Light,1,8,Farm_A
D004,Soil_Moist,1,3,SmartCity_Block2
D005,Soil_Moist,4,7,SmartCity_Block1
D006,Humidity,3,8,SmartCity_Block1
D007,Light,5,6,SmartCity_Block1
D008,Light,3,7,Farm_C
D009,Light,4,9,SmartCity_Block2
D010,Soil_Moist,4,3,SmartCity_Block1
D011,CO2,3,8,Farm_C
D012,Light,4,8,Farm_B
D013,Soil_Moist,3,8,Farm_B
D014,Humidity,2,6,Farm_C
D015,CO2,3,7,Farm_C
D016,Humidity,3,6,SmartCity_Block2
D017,CO2,4,4,SmartCity_Block2
D018,Soil_Moist,4,4,Farm_B
D019,Temp,1,7,SmartCity_Block1
D020,CO2,1,9,Farm_B
D021,Humidity,2,6,SmartCity_Block1
D022,Soil_Moist,1,3,SmartCity_Block1
D023,CO2,3,8,SmartCity_Block2
D024,Temp,4,8,Farm_A
D025,Temp,1,7,Farm_A
D026,Light,1,9,Farm_C
D027,Light,2,4,SmartCity_Block2
D028,Humidity,2,4,SmartCity_Block1
D029,CO2,3,8,Farm_A
D030,CO2,4,7,SmartCity_Block1
D031,Light,2,6,Farm_A
D032,CO2,1,4,Farm_A
D033,CO2,4,6,Farm_A
D034,Temp,4,9,SmartCity_Block2
D035,Light,1,4,Farm_B
D036,Soil_Moist,2,4,SmartCity_Block1
D037,Light,1,5,SmartCity_Block2
D038,Soil_Moist,4,4,SmartCity_Block2
D039,Temp,5,3,SmartCity_Block2
D040,Humidity,5,7,SmartCity_Block2
D041,CO2,3,7,SmartCity_Block2
D042,Temp,1,6,Farm_C
D043,CO2,1,9,SmartCity_Block1
D044,Humidity,3,4,SmartCity_Block2
D045,Humidity,3,3,SmartCity_Block1
D046,Temp,3,6,Farm_C
D047,Humidity,4,5,Farm_C
D048,Soil_Moist,1,6,SmartCity_Block1
D049,Humidity,4,6,Farm_A
D050,CO2,3,4,Farm_B
D051,CO2,1,5,Farm_A
D052,CO2,4,6,Farm_A
D053,CO2,4,3,Farm_A
D054,Soil_Moist,3,3,SmartCity_Block2
D055,Light,1,7,Farm_C
D056,Temp,3,5,Farm_A
D057,CO2,1,5,Farm_C
D058,Humidity,5,7,SmartCity_Block1
D059,CO2,2,6,Farm_B
D060,Humidity,2,5,SmartCity_Block1
D061,Humidity,2,3,SmartCity_Block1
D062,CO2,3,3,SmartCity_Block2
D063,Soil_Moist,5,4,Farm_B
D064,Humidity,1,5,SmartCity_Block1
D065,Humidity,4,6,SmartCity_Block1
D066,CO2,1,7,Farm_B
D067,Humidity,4,7,Farm_B
D068,Humidity,1,6,SmartCity_Block1
D069,CO2,5,9,Farm_B
D070,CO2,4,8,SmartCity_Block1
D071,Temp,3,4,SmartCity_Block1
D072,Soil_Moist,1,7,SmartCity_Block2
D073,Soil_Moist,1,5,Farm_A
D074,Humidity,4,4,SmartCity_Block1
D075,Soil_Moist,3,5,Farm_C
D076,Humidity,3,9,Farm_A
D077,Temp,5,3,Farm_A
D078,CO2,3,4,Farm_A
D079,CO2,3,7,SmartCity_Block2
D080,CO2,3,4,SmartCity_Block1
D081,Soil_Moist,2,4,SmartCity_Block2
D082,Temp,5,4,SmartCity_Block1
D083,Soil_Moist,1,8,SmartCity_Block2
D084,Soil_Moist,4,4,SmartCity_Block2
D085,Temp,1,5,Farm_C
D086,Temp,5,3,SmartCity_Block2
D087,Temp,4,9,Farm_B
D088,Temp,5,6,Farm_C
D089,CO2,3,4,SmartCity_Block2
D090,Light,4,7,Farm_A
D091,Light,3,4,Farm_B
D092,Temp,1,7,Farm_B
D093,Light,1,5,Farm_B
D094,Light,4,7,Farm_C
D095,Temp,4,6,SmartCity_Block2
D096,Light,5,3,SmartCity_Block2
D097,Soil_Moist,5,7,Farm_A
D098,Humidity,3,7,Farm_A
D099,Humidity,4,3,Farm_B
D100,Temp,1,6,Farm_A
D101,CO2,5,4,Farm_C
D102,Temp,5,7,SmartCity_Block2
D103,CO2,1,3,Farm_B
D104,Humidity,5,5,Farm_A
D105,Temp,3,3,Farm_C
D106,Soil_Moist,4,5,Farm_C
D107,Light,1,6,Farm_A
D108,CO2,4,4,SmartCity_Block2
D109,Light,5,3,Farm_A
D110,Light,5,9,Farm_B
D111,Temp,1,9,Farm_A
D112,Light,3,8,Farm_C
D113,Soil_Moist,2,7,Farm_A
D114,Light,1,6,SmartCity_Block2
D115,Temp,2,3,SmartCity_Block1
D116,Soil_Moist,2,9,Farm_A
D117,Humidity,3,7,SmartCity_Block2
D118,Light,2,9,SmartCity_Block2
D119,Temp,2,3,Farm_C
D120,Humidity,3,5,SmartCity_Block2
D121,Humidity,2,3,SmartCity_Block2
D122,CO2,2,8,SmartCity_Block2
D123,Soil_Moist,2,3,SmartCity_Block2
D124,Light,1,3,Farm_B
D125,Temp,1,8,Farm_B
D126,CO2,1,6,Farm_C
D127,Soil_Moist,3,3,Farm_A
D128,CO2,5,8,SmartCity_Block2
D129,Soil_Moist,2,7,Farm_A
D130,Soil_Moist,2,5,Farm_A
D131,Light,3,5,Farm_C
D132,Soil_Moist,2,3,SmartCity_Block2
D133,CO2,1,6,SmartCity_Block2
D134,Soil_Moist,5,6,SmartCity_Block1
D135,Light,4,7,Farm_A
D136,Light,2,3,Farm_A
D137,CO2,1,5,Farm_B
D138,Humidity,4,6,SmartCity_Block1
D139,Humidity,5,3,Farm_B
D140,Soil_Moist,4,9,Farm_B
D141,Temp,1,6,Farm_B
D142,Soil_Moist,4,8,Farm_C
D143,CO2,3,9,Farm_C
D144,CO2,4,6,Farm_B
D145,CO2,2,5,SmartCity_Block1
D146,CO2,2,4,Farm_A
D147,CO2,3,9,SmartCity_Block1
D148,Light,1,7,SmartCity_Block2
D149,Humidity,2,7,Farm_C
D150,CO2,5,5,Farm_A
D151,Temp,2,6,Farm_A
D152,Temp,2,3,SmartCity_Block2
D153,Temp,1,6,SmartCity_Block2
D154,Temp,4,5,Farm_B
D155,Light,2,7,Farm_C
D156,Temp,3,6,Farm_C
D157,CO2,4,7,SmartCity_Block1
D158,Soil_Moist,5,9,Farm_B
D159,Temp,1,3,Farm_B
D160,Light,5,9,Farm_B
D161,Light,4,7,Farm_B
D162,Temp,4,7,Farm_C
D163,Soil_Moist,4,4,Farm_C
D164,Temp,5,4,Farm_B
D165,Light,4,9,SmartCity_Block1
D166,Humidity,5,8,Farm_A
D167,CO2,4,9,Farm_A
D168,Light,3,4,SmartCity_Block1
D169,Temp,4,7,Farm_B
D170,CO2,5,5,Farm_C
D171,Temp,2,9,Farm_A
D172,Temp,4,7,SmartCity_Block2
D173,Humidity,2,5,SmartCity_Block2
D174,CO2,3,5,SmartCity_Block1
D175,CO2,1,4,Farm_B
D176,Humidity,3,9,Farm_A
D177,Light,4,6,Farm_B
D178,Temp,2,3,Farm_A
D179,Soil_Moist,2,4,SmartCity_Block1
D180,Temp,5,4,SmartCity_Block1
D181,Temp,2,6,SmartCity_Block2
D182,Light,5,3,Farm_B
D183,Temp,1,7,SmartCity_Block2
D184,Humidity,4,8,Farm_B
D185,Humidity,5,9,SmartCity_Block2
D186,CO2,1,8,Farm_C
D187,Soil_Moist,2,7,Farm_C
D188,Temp,2,4,Farm_C
D189,Temp,1,3,Farm_C
D190,Light,2,4,Farm_A
D191,Humidity,1,5,Farm_C
D192,Soil_Moist,5,4,SmartCity_Block1
D193,CO2,5,4,SmartCity_Block1
D194,Humidity,1,7,Farm_A
D195,CO2,5,7,Farm_C
D196,Light,5,7,Farm_C
D197,Light,5,8,Farm_C
D198,Temp,3,5,SmartCity_Block2
D199,Soil_Moist,4,7,Farm_B
D200,CO2,2,3,SmartCity_Block2
